"0","library(lme4)"
"2","Loading required package: Matrix
"
"0","library(nlme)"
"2","
Attaching package: ‘nlme’

"
"2","The following object is masked from ‘package:lme4’:

    lmList

"
"0","library(tidyr)"
"2","
Attaching package: ‘tidyr’

"
"2","The following objects are masked from ‘package:Matrix’:

    expand, pack, unpack

"
"0","library(ggplot2)"
"0","library(GGally)"
"2","Registered S3 method overwritten by 'GGally':
  method from   
  +.gg   ggplot2
"
"0","library(psych)"
"2","
Attaching package: ‘psych’

"
"2","The following objects are masked from ‘package:ggplot2’:

    %+%, alpha

"
"0","library(corrplot)"
"2","corrplot 0.84 loaded
"
"0","library(MASS)"
"0","library(gpairs)"
"0","library(car)"
"2","Loading required package: carData
"
"2","Registered S3 method overwritten by 'data.table':
  method           from
  print.data.table     
"
"2","Registered S3 methods overwritten by 'car':
  method                          from
  influence.merMod                lme4
  cooks.distance.influence.merMod lme4
  dfbeta.influence.merMod         lme4
  dfbetas.influence.merMod        lme4
"
"2","
Attaching package: ‘car’

"
"2","The following object is masked from ‘package:psych’:

    logit

"
"0","library(rmeta)"
"0","library(dplyr)"
"2","
Attaching package: ‘dplyr’

"
"2","The following object is masked from ‘package:car’:

    recode

"
"2","The following object is masked from ‘package:MASS’:

    select

"
"2","The following object is masked from ‘package:nlme’:

    collapse

"
"2","The following objects are masked from ‘package:stats’:

    filter, lag

"
"2","The following objects are masked from ‘package:base’:

    intersect, setdiff, setequal, union

"
"0","library(purrr)"
"2","
Attaching package: ‘purrr’

"
"2","The following object is masked from ‘package:car’:

    some

"
"0","library(moments) # to calculate skewness "
"0",""
